driverId;driverRef;number;code;forename;surname;;dob;nationality
1;hamilton;44;HAM;Lewis;Hamilton;Lewis Hamilton;7/01/1985;British
2;heidfeld;;HEI;Nick;Heidfeld;Nick Heidfeld;10/05/1977;German
3;rosberg;6;ROS;Nico;Rosberg;Nico Rosberg;27/06/1985;German
4;alonso;14;ALO;Fernando;Alonso;Fernando Alonso;29/07/1981;Spanish
5;kovalainen;;KOV;Heikki;Kovalainen;Heikki Kovalainen;19/10/1981;Finnish
6;nakajima;;NAK;Kazuki;Nakajima;Kazuki Nakajima;11/01/1985;Japanese
7;bourdais;;BOU;Sébastien;Bourdais;Sébastien Bourdais;28/02/1979;French
8;raikkonen;7;RAI;Kimi;RÃ_ikkÃ¶nen;Kimi Riikkinen;17/10/1979;Finnish
9;kubica;;KUB;Robert;Kubica;Robert Kubica;7/12/1984;Polish
10;glock;;GLO;Timo;Glock;Timo Glock;18/03/1982;German
11;sato;;SAT;Takuma;Sato;Takuma Sato;28/01/1977;Japanese
12;piquet_jr;;PIQ;Nelson;Piquet Jr.;Nelson Piquet Jr.;25/07/1985;Brazilian
13;massa;19;MAS;Felipe;Massa;Felipe Massa;25/04/1981;Brazilian
14;coulthard;;COU;David;Coulthard;David Coulthard;27/03/1971;British
15;trulli;;TRU;Jarno;Trulli;Jarno Trulli;13/07/1974;Italian
16;sutil;99;SUT;Adrian;Sutil;Adrian Sutil;11/01/1983;German
17;webber;;WEB;Mark;Webber;Mark Webber;27/08/1976;Australian
18;button;22;BUT;Jenson;Button;Jenson Button;19/01/1980;British
19;davidson;;DAV;Anthony;Davidson;Anthony Davidson;18/04/1979;British
20;vettel;5;VET;Sebastian;Vettel;Sebastian Vettel;3/07/1987;German
21;fisichella;;FIS;Giancarlo;Fisichella;Giancarlo Fisichella;14/01/1973;Italian
22;barrichello;;BAR;Rubens;Barrichello;Rubens Barrichello;23/05/1972;Brazilian
23;ralf_schumacher;;SCH;Ralf;Schumacher;Ralf Schumacher;30/06/1975;German
24;liuzzi;;LIU;Vitantonio;Liuzzi;Vitantonio Liuzzi;6/08/1980;Italian
25;wurz;;WUR;Alexander;Wurz;Alexander Wurz;15/02/1974;Austrian
26;speed;;SPE;Scott;Speed;Scott Speed;24/01/1983;American
27;albers;;ALB;Christijan;Albers;Christijan Albers;16/04/1979;Dutch
28;markus_winkelhock;;WIN;Markus;Winkelhock;Markus Winkelhock;13/06/1980;German
29;yamamoto;;YAM;Sakon;Yamamoto;Sakon Yamamoto;9/07/1982;Japanese
30;michael_schumacher;;MSC;Michael;Schumacher;Michael Schumacher;3/01/1969;German
31;montoya;;MON;Juan;Pablo Montoya;Juan Pablo Montoya;20/09/1975;Colombian
32;klien;;KLI;Christian;Klien;Christian Klien;7/02/1983;Austrian
33;monteiro;;TMO;Tiago;Monteiro;Tiago Monteiro;24/07/1976;Portuguese
34;ide;;IDE;Yuji;Ide;Yuji Ide;21/01/1975;Japanese
35;villeneuve;;VIL;Jacques;Villeneuve;Jacques Villeneuve;9/04/1971;Canadian
36;montagny;;FMO;Franck;Montagny;Franck Montagny;5/01/1978;French
37;rosa;;DLR;Pedro;de la Rosa;Pedro de la Rosa;24/02/1971;Spanish
38;doornbos;;DOO;Robert;Doornbos;Robert Doornbos;23/09/1981;Dutch
39;karthikeyan;;KAR;Narain;Karthikeyan;Narain Karthikeyan;14/01/1977;Indian
40;friesacher;;FRI;Patrick;Friesacher;Patrick Friesacher;26/09/1980;Austrian
41;zonta;;ZON;Ricardo;Zonta;Ricardo Zonta;23/03/1976;Brazilian
42;pizzonia;;PIZ;Antônio;Pizzonia;Antônio Pizzonia;11/09/1980;Brazilian
43;matta;;;Cristiano;da Matta;Cristiano da Matta;19/09/1973;Brazilian
44;panis;;;Olivier;Panis;Olivier Panis;2/09/1966;French
45;pantano;;;Giorgio;Pantano;Giorgio Pantano;4/02/1979;Italian
46;bruni;;;Gianmaria;Bruni;Gianmaria Bruni;30/05/1981;Italian
47;baumgartner;;;Zsolt;Baumgartner;Zsolt Baumgartner;1/01/1981;Hungarian
48;gene;;;Marc;Gené;Marc Gené;29/03/1974;Spanish
49;frentzen;;;Heinz-Harald;Frentzen;Heinz-Harald Frentzen;18/05/1967;German
50;verstappen;;;Jos;Verstappen;Jos Verstappen;4/03/1972;Dutch
51;wilson;;;Justin;Wilson;Justin Wilson;31/07/1978;British
52;firman;;;Ralph;Firman;Ralph Firman;20/05/1975;Irish
53;kiesa;;;Nicolas;Kiesa;Nicolas Kiesa;3/03/1978;Danish
54;burti;;;Luciano;Burti;Luciano Burti;5/03/1975;Brazilian
55;alesi;;;Jean;Alesi;Jean Alesi;11/06/1964;French
56;irvine;;;Eddie;Irvine;Eddie Irvine;10/11/1965;British
57;hakkinen;;;Mika;HÃ_kkinen;Mika HÃ_kkinen;28/09/1968;Finnish
58;marques;;;Tarso;Marques;Tarso Marques;19/01/1976;Brazilian
59;bernoldi;;;Enrique;Bernoldi;Enrique Bernoldi;19/10/1978;Brazilian
60;mazzacane;;;GastÃ_n;Mazzacane;GastÃ_n Mazzacane;8/05/1975;Argentine
61;enge;;;Tomáš;Enge;Tomáš Enge;11/09/1976;Czech
62;yoong;;;Alex;Yoong;Alex Yoong;20/07/1976;Malaysian
63;salo;;;Mika;Salo;Mika Salo;30/11/1966;Finnish
64;diniz;;;Pedro;Diniz;Pedro Diniz;22/05/1970;Brazilian
65;herbert;;;Johnny;Herbert;Johnny Herbert;25/06/1964;British
66;mcnish;;;Allan;McNish;Allan McNish;29/12/1969;British
67;buemi;;BUE;Sébastien;Buemi;Sébastien Buemi;31/10/1988;Swiss
68;takagi;;;Toranosuke;Takagi;Toranosuke Takagi;12/02/1974;Japanese
69;badoer;;BAD;Luca;Badoer;Luca Badoer;25/01/1971;Italian
70;zanardi;;;Alessandro;Zanardi;Alessandro Zanardi;23/10/1966;Italian
71;damon_hill;;;Damon;Hill;Damon Hill;17/09/1960;British
72;sarrazin;;;Stéphane;Sarrazin;Stéphane Sarrazin;2/11/1975;French
73;rosset;;;Ricardo;Rosset;Ricardo Rosset;27/07/1968;Brazilian
74;tuero;;;Esteban;Tuero;Esteban Tuero;22/04/1978;Argentine
75;nakano;;;Shinji;Nakano;Shinji Nakano;1/04/1971;Japanese
76;magnussen;;MAG;Jan;Magnussen;Jan Magnussen;4/07/1973;Danish
77;berger;;;Gerhard;Berger;Gerhard Berger;27/08/1959;Austrian
78;larini;;;Nicola;Larini;Nicola Larini;19/03/1964;Italian
79;katayama;;;Ukyo;Katayama;Ukyo Katayama;29/05/1963;Japanese
80;sospiri;;;Vincenzo;Sospiri;Vincenzo Sospiri;7/10/1966;Italian
81;morbidelli;;;Gianni;Morbidelli;Gianni Morbidelli;13/01/1968;Italian
82;fontana;;;Norberto;Fontana;Norberto Fontana;20/01/1975;Argentine
83;lamy;;;Pedro;Lamy;Pedro Lamy;20/03/1972;Portuguese
84;brundle;;;Martin;Brundle;Martin Brundle;1/06/1959;British
85;montermini;;;Andrea;Montermini;Andrea Montermini;30/05/1964;Italian
86;lavaggi;;;Giovanni;Lavaggi;Giovanni Lavaggi;18/02/1958;Italian
87;blundell;;;Mark;Blundell;Mark Blundell;8/04/1966;British
88;suzuki;;;Aguri;Suzuki;Aguri Suzuki;8/09/1960;Japanese
89;inoue;;;Taki;Inoue;Taki Inoue;5/09/1963;Japanese
90;moreno;;;Roberto;Moreno;Roberto Moreno;11/02/1959;Brazilian
91;wendlinger;;;Karl;Wendlinger;Karl Wendlinger;20/12/1968;Austrian
92;gachot;;;Bertrand;Gachot;Bertrand Gachot;23/12/1962;Belgian
93;schiattarella;;;Domenico;Schiattarella;Domenico Schiattarella;17/11/1967;Italian
94;martini;;;Pierluigi;Martini;Pierluigi Martini;23/04/1961;Italian
95;mansell;;;Nigel;Mansell;Nigel Mansell;8/08/1953;British
96;boullion;;;Jean-Christophe;Boullion;Jean-Christophe Boullion;27/12/1969;French
97;papis;;;Massimiliano;Papis;Massimiliano Papis;3/10/1969;Italian
98;deletraz;;;Jean-Denis;Délétraz;Jean-Denis Délétraz;1/10/1963;Swiss
99;tarquini;;;Gabriele;Tarquini;Gabriele Tarquini;2/03/1962;Italian
100;comas;;;Érik;Comas;Érik Comas;28/09/1963;French
101;brabham;;;David;Brabham;David Brabham;5/09/1965;Australian
102;senna;;;Ayrton;Senna;Ayrton Senna;21/03/1960;Brazilian
103;bernard;;;Éric;Bernard;Éric Bernard;24/08/1964;French
104;fittipaldi;;;Christian;Fittipaldi;Christian Fittipaldi;18/01/1971;Brazilian
105;alboreto;;;Michele;Alboreto;Michele Alboreto;23/12/1956;Italian
106;beretta;;;Olivier;Beretta;Olivier Beretta;23/11/1969;Monegasque
107;ratzenberger;;;Roland;Ratzenberger;Roland Ratzenberger;4/07/1960;Austrian
108;belmondo;;;Paul;Belmondo;Paul Belmondo;23/04/1963;French
109;lehto;;;Jyrki;JÃ_rvilehto;Jyrki JÃ_rvilehto;31/01/1966;Finnish
110;cesaris;;;Andrea;de Cesaris;Andrea de Cesaris;31/05/1959;Italian
111;gounon;;;Jean-Marc;Gounon;Jean-Marc Gounon;1/01/1963;French
112;alliot;;;Philippe;Alliot;Philippe Alliot;27/07/1954;French
113;adams;;;Philippe;Adams;Philippe Adams;19/11/1969;Belgian
114;dalmas;;;Yannick;Dalmas;Yannick Dalmas;28/07/1961;French
115;noda;;;Hideki;Noda;Hideki Noda;7/03/1969;Japanese
116;lagorce;;;Franck;Lagorce;Franck Lagorce;1/09/1968;French
117;prost;;;Alain;Prost;Alain Prost;24/02/1955;French
118;warwick;;;Derek;Warwick;Derek Warwick;27/08/1954;British
119;patrese;;;Riccardo;Patrese;Riccardo Patrese;17/04/1954;Italian
120;barbazza;;;Fabrizio;Barbazza;Fabrizio Barbazza;2/04/1963;Italian
121;andretti;;;Michael;Andretti;Michael Andretti;5/10/1962;American
122;capelli;;;Ivan;Capelli;Ivan Capelli;24/05/1963;Italian
123;boutsen;;;Thierry;Boutsen;Thierry Boutsen;13/07/1957;Belgian
124;apicella;;;Marco;Apicella;Marco Apicella;7/10/1965;Italian
125;naspetti;;;Emanuele;Naspetti;Emanuele Naspetti;24/02/1968;Italian
126;toshio_suzuki;;;Toshio;Suzuki;Toshio Suzuki;10/03/1955;Japanese
127;gugelmin;;;MaurÃ_cio;Gugelmin;MaurÃ_cio Gugelmin;20/04/1963;Brazilian
128;poele;;;Eric;van de Poele;Eric van de Poele;30/09/1961;Belgian
129;grouillard;;;Olivier;Grouillard;Olivier Grouillard;2/09/1958;French
130;chiesa;;;Andrea;Chiesa;Andrea Chiesa;6/05/1964;Swiss
131;modena;;;Stefano;Modena;Stefano Modena;12/05/1963;Italian
132;amati;;;Giovanna;Amati;Giovanna Amati;20/07/1959;Italian
133;caffi;;;Alex;Caffi;Alex Caffi;18/03/1964;Italian
134;bertaggia;;;Enrico;Bertaggia;Enrico Bertaggia;19/09/1964;Italian
135;mccarthy;;;Perry;McCarthy;Perry McCarthy;3/03/1961;British
136;lammers;;;Jan;Lammers;Jan Lammers;2/06/1956;Dutch
137;piquet;;;Nelson;Piquet;Nelson Piquet;17/08/1952;Brazilian
138;satoru_nakajima;;;Satoru;Nakajima;Satoru Nakajima;23/02/1953;Japanese
139;pirro;;;Emanuele;Pirro;Emanuele Pirro;12/01/1962;Italian
140;johansson;;;Stefan;Johansson;Stefan Johansson;8/09/1956;Swedish
141;bailey;;;Julian;Bailey;Julian Bailey;9/10/1961;British
142;chaves;;;Pedro;Chaves;Pedro Chaves;27/02/1965;Portuguese
143;bartels;;;Michael;Bartels;Michael Bartels;8/03/1968;German
144;hattori;;;Naoki;Hattori;Naoki Hattori;13/06/1966;Japanese
145;nannini;;;Alessandro;Nannini;Alessandro Nannini;7/07/1959;Italian
146;schneider;;;Bernd;Schneider;Bernd Schneider;20/07/1964;German
147;barilla;;;Paolo;Barilla;Paolo Barilla;20/04/1961;Italian
148;foitek;;;Gregor;Foitek;Gregor Foitek;27/03/1965;Swiss
149;langes;;;Claudio;Langes;Claudio Langes;20/07/1960;Italian
150;gary_brabham;;;Gary;Brabham;Gary Brabham;29/03/1961;Australian
151;donnelly;;;Martin;Donnelly;Martin Donnelly;26/03/1964;British
152;giacomelli;;;Bruno;Giacomelli;Bruno Giacomelli;10/09/1952;Italian
153;alguersuari;;ALG;Jaime;Alguersuari;Jaime Alguersuari;23/03/1990;Spanish
154;grosjean;8;GRO;Romain;Grosjean;Romain Grosjean;17/04/1986;French
155;kobayashi;10;KOB;Kamui;Kobayashi;Kamui Kobayashi;13/09/1986;Japanese
156;palmer;;;Jonathan;Palmer;Jonathan Palmer;7/11/1956;British
157;danner;;;Christian;Danner;Christian Danner;4/04/1958;German
158;cheever;;;Eddie;Cheever;Eddie Cheever;10/01/1958;American
159;sala;;;Luis;Pérez-Sala;Luis Pérez-Sala;15/05/1959;Spanish
160;ghinzani;;;Piercarlo;Ghinzani;Piercarlo Ghinzani;16/01/1952;Italian
161;weidler;;;Volker;Weidler;Volker Weidler;18/03/1962;German
162;raphanel;;;Pierre-Henri;Raphanel;Pierre-Henri Raphanel;27/05/1961;French
163;arnoux;;;René;Arnoux;René Arnoux;4/07/1948;French
164;joachim_winkelhock;;;Joachim;Winkelhock;Joachim Winkelhock;24/10/1960;German
165;larrauri;;;Oscar;Larrauri;Oscar Larrauri;19/08/1954;Argentine
166;streiff;;;Philippe;Streiff;Philippe Streiff;26/06/1955;French
167;campos;;;Adrián;Campos;Adrián Campos;17/06/1960;Spanish
168;schlesser;;;Jean-Louis;Schlesser;Jean-Louis Schlesser;12/09/1948;French
169;fabre;;;Pascal;Fabre;Pascal Fabre;9/01/1960;French
170;fabi;;;Teo;Fabi;Teo Fabi;9/03/1955;Italian
171;forini;;;Franco;Forini;Franco Forini;22/09/1958;Swiss
172;laffite;;;Jacques;Laffite;Jacques Laffite;21/11/1943;French
173;angelis;;;Elio;de Angelis;Elio de Angelis;26/03/1958;Italian
174;dumfries;;;Johnny;Dumfries;Johnny Dumfries;26/04/1958;British
175;tambay;;;Patrick;Tambay;Patrick Tambay;25/06/1949;French
176;surer;;;Marc;Surer;Marc Surer;18/09/1951;Swiss
177;keke_rosberg;;;Keke;Rosberg;Keke Rosberg;6/12/1948;Finnish
178;jones;;;Alan;Jones;Alan Jones;2/11/1946;Australian
179;rothengatter;;;Huub;Rothengatter;Huub Rothengatter;8/10/1954;Dutch
180;berg;;;Allen;Berg;Allen Berg;1/08/1961;Canadian
181;manfred_winkelhock;;;Manfred;Winkelhock;Manfred Winkelhock;6/10/1951;German
182;lauda;;;Niki;Lauda;Niki Lauda;22/02/1949;Austrian
183;hesnault;;;François;Hesnault;François Hesnault;30/12/1956;French
184;baldi;;;Mauro;Baldi;Mauro Baldi;31/01/1954;Italian
185;bellof;;;Stefan;Bellof;Stefan Bellof;20/11/1957;German
186;acheson;;;Kenny;Acheson;Kenny Acheson;27/11/1957;British
187;watson;;;John;Watson;John Watson;4/05/1946;British
188;cecotto;;;Johnny;Cecotto;Johnny Cecotto;25/01/1956;Venezuelan
189;gartner;;;Jo;Gartner;Jo Gartner;24/01/1954;Austrian
190;corrado_fabi;;;Corrado;Fabi;Corrado Fabi;12/04/1961;Italian
191;thackwell;;;Mike;Thackwell;Mike Thackwell;30/03/1961;New Zealander
192;serra;;;Chico;Serra;Chico Serra;3/02/1957;Brazilian
193;sullivan;;;Danny;Sullivan;Danny Sullivan;9/03/1950;American
194;salazar;;;Eliseo;Salazar;Eliseo Salazar;14/11/1954;Chilean
195;guerrero;;;Roberto;Guerrero;Roberto Guerrero;16/11/1958;Colombian
196;boesel;;;Raul;Boesel;Raul Boesel;4/12/1957;Brazilian
197;jarier;;;Jean-Pierre;Jarier;Jean-Pierre Jarier;10/07/1946;French
198;villeneuve_sr;;;Jacques;Villeneuve Sr.;Jacques Villeneuve Sr.;4/11/1953;Canadian
199;reutemann;;;Carlos;Reutemann;Carlos Reutemann;12/04/1942;Argentine
200;mass;;;Jochen;Mass;Jochen Mass;30/09/1946;German
201;borgudd;;;Slim;Borgudd;Slim Borgudd;25/11/1946;Swedish
202;pironi;;;Didier;Pironi;Didier Pironi;26/03/1952;French
203;gilles_villeneuve;;;Gilles;Villeneuve;Gilles Villeneuve;18/01/1950;Canadian
204;paletti;;;Riccardo;Paletti;Riccardo Paletti;15/06/1958;Italian
205;henton;;;Brian;Henton;Brian Henton;19/09/1946;British
206;daly;;;Derek;Daly;Derek Daly;11/03/1953;Irish
207;mario_andretti;;;Mario;Andretti;Mario Andretti;28/02/1940;American
208;villota;;;Emilio;de Villota;Emilio de Villota;26/07/1946;Spanish
209;lees;;;Geoff;Lees;Geoff Lees;1/05/1951;British
210;byrne;;;Tommy;Byrne;Tommy Byrne;6/05/1958;Irish
211;keegan;;;Rupert;Keegan;Rupert Keegan;26/02/1955;British
212;rebaque;;;Hector;Rebaque;Hector Rebaque;5/02/1956;Mexican
213;gabbiani;;;Beppe;Gabbiani;Beppe Gabbiani;2/01/1957;Italian
214;cogan;;;Kevin;Cogan;Kevin Cogan;31/03/1956;American
215;guerra;;;Miguel ́ngel;Guerra;Miguel ́ngel Guerra;31/08/1953;Argentine
216;stohr;;;Siegfried;Stohr;Siegfried Stohr;10/10/1952;Italian
217;zunino;;;Ricardo;Zunino;Ricardo Zunino;13/04/1949;Argentine
218;londono;;;Ricardo;Londoño;Ricardo Londoño;8/08/1949;Colombian
219;jabouille;;;Jean-Pierre;Jabouille;Jean-Pierre Jabouille;1/10/1942;French
220;francia;;;Giorgio;Francia;Giorgio Francia;8/11/1947;Italian
221;depailler;;;Patrick;Depailler;Patrick Depailler;9/08/1944;French
222;scheckter;;;Jody;Scheckter;Jody Scheckter;29/01/1950;South African
223;regazzoni;;;Clay;Regazzoni;Clay Regazzoni;5/09/1939;Swiss
224;emerson_fittipaldi;;;Emerson;Fittipaldi;Emerson Fittipaldi;12/12/1946;Brazilian
225;kennedy;;;Dave;Kennedy;Dave Kennedy;15/01/1953;Irish
226;south;;;Stephen;South;Stephen South;19/02/1952;British
227;needell;;;Tiff;Needell;Tiff Needell;29/10/1951;British
228;desire_wilson;;;Desiré;Wilson;Desiré Wilson;26/11/1953;South African
229;ertl;;;Harald;Ertl;Harald Ertl;31/08/1948;Austrian
230;brambilla;;;Vittorio;Brambilla;Vittorio Brambilla;11/11/1937;Italian
231;hunt;;;James;Hunt;James Hunt;29/08/1947;British
232;merzario;;;Arturo;Merzario;Arturo Merzario;11/03/1943;Italian
233;stuck;;;Hans-Joachim;Stuck;Hans-Joachim Stuck;1/01/1951;German
234;brancatelli;;;Gianfranco;Brancatelli;Gianfranco Brancatelli;18/01/1950;Italian
235;ickx;;;Jacky;Ickx;Jacky Ickx;1/01/1945;Belgian
236;gaillard;;;Patrick;Gaillard;Patrick Gaillard;12/02/1952;French
237;ribeiro;;;Alex;Ribeiro;Alex Ribeiro;7/11/1948;Brazilian
238;peterson;;;Ronnie;Peterson;Ronnie Peterson;14/02/1944;Swedish
239;lunger;;;Brett;Lunger;Brett Lunger;14/11/1945;American
240;ongais;;;Danny;Ongais;Danny Ongais;21/05/1942;American
241;leoni;;;Lamberto;Leoni;Lamberto Leoni;24/05/1953;Italian
242;galica;;;Divina;Galica;Divina Galica;13/08/1944;British
243;stommelen;;;Rolf;Stommelen;Rolf Stommelen;11/07/1943;German
244;colombo;;;Alberto;Colombo;Alberto Colombo;23/02/1946;Italian
245;trimmer;;;Tony;Trimmer;Tony Trimmer;24/01/1943;British
246;binder;;;Hans;Binder;Hans Binder;12/06/1948;Austrian
247;bleekemolen;;;Michael;Bleekemolen;Michael Bleekemolen;2/10/1949;Dutch
248;gimax;;;Carlo;Franchi;Carlo Franchi;1/01/1938;Italian
249;rahal;;;Bobby;Rahal;Bobby Rahal;10/01/1953;American
250;pace;;;Carlos;Pace;Carlos Pace;6/10/1944;Brazilian
251;ian_scheckter;;;Ian;Scheckter;Ian Scheckter;22/08/1947;South African
252;pryce;;;Tom;Pryce;Tom Pryce;11/06/1949;British
253;hoffmann;;;Ingo;Hoffmann;Ingo Hoffmann;28/02/1953;Brazilian
254;zorzi;;;Renzo;Zorzi;Renzo Zorzi;12/12/1946;Italian
255;nilsson;;;Gunnar;Nilsson;Gunnar Nilsson;20/11/1948;Swedish
256;perkins;;;Larry;Perkins;Larry Perkins;18/03/1950;Australian
257;hayje;;;Boy;Lunger;Boy Lunger;3/05/1949;Dutch
258;neve;;;Patrick;Nève;Patrick Nève;13/10/1949;Belgian
259;purley;;;David;Purley;David Purley;26/01/1945;British
260;andersson;;;Conny;Andersson;Conny Andersson;28/12/1939;Swedish
261;dryver;;;Bernard;de Dryver;Bernard de Dryver;19/09/1952;Belgian
262;oliver;;;Jackie;Oliver;Jackie Oliver;14/08/1942;British
263;kozarowitzky;;;Mikko;Kozarowitzky;Mikko Kozarowitzky;17/05/1948;Finnish
264;sutcliffe;;;Andy;Sutcliffe;Andy Sutcliffe;9/05/1947;British
265;edwards;;;Guy;Edwards;Guy Edwards;30/12/1942;British
266;mcguire;;;Brian;McGuire;Brian McGuire;13/12/1945;Australian
267;schuppan;;;Vern;Schuppan;Vern Schuppan;19/03/1943;Australian
268;heyer;;;Hans;Heyer;Hans Heyer;16/03/1943;German
269;pilette;;;Teddy;Pilette;Teddy Pilette;26/07/1942;Belgian
270;ashley;;;Ian;Ashley;Ian Ashley;26/10/1947;British
271;kessel;;;Loris;Kessel;Loris Kessel;1/04/1950;Swiss
272;takahashi;;;Kunimitsu;Takahashi;Kunimitsu Takahashi;29/01/1940;Japanese
273;hoshino;;;Kazuyoshi;Hoshino;Kazuyoshi Hoshino;1/07/1947;Japanese
274;takahara;;;Noritake;Takahara;Noritake Takahara;6/06/1951;Japanese
275;lombardi;;;Lella;Lombardi;Lella Lombardi;26/03/1941;Italian
276;evans;;;Bob;Evans;Bob Evans;11/06/1947;British
277;leclere;;;Michel;Leclère;Michel Leclère;18/03/1946;French
278;amon;;;Chris;Amon;Chris Amon;20/07/1943;New Zealander
279;zapico;;;Emilio;Zapico;Emilio Zapico;27/05/1944;Spanish
280;pescarolo;;;Henri;Pescarolo;Henri Pescarolo;25/09/1942;French
281;nelleman;;;Jac;Nelleman;Jac Nelleman;19/04/1944;Danish
282;magee;;;Damien;Magee;Damien Magee;17/11/1945;British
283;wilds;;;Mike;Wilds;Mike Wilds;7/01/1946;British
284;pesenti_rossi;;;Alessandro;Pesenti-Rossi;Alessandro Pesenti-Rossi;31/08/1942;Italian
285;stuppacher;;;Otto;Stuppacher;Otto Stuppacher;3/03/1947;Austrian
286;brown;;;Warwick;Brown;Warwick Brown;24/12/1949;Australian
287;hasemi;;;Masahiro;Hasemi;Masahiro Hasemi;13/11/1945;Japanese
288;donohue;;;Mark;Donohue;Mark Donohue;18/03/1937;American
289;hill;;;Graham;Hill;Graham Hill;15/02/1929;British
290;wilson_fittipaldi;;;Wilson;Fittipaldi;Wilson Fittipaldi;25/12/1943;Brazilian
291;tunmer;;;Guy;Tunmer;Guy Tunmer;1/12/1948;South African
292;keizan;;;Eddie;Keizan;Eddie Keizan;12/09/1944;South African
293;charlton;;;Dave;Charlton;Dave Charlton;27/10/1936;South African
294;brise;;;Tony;Brise;Tony Brise;28/03/1952;British
295;wunderink;;;Roelof;Wunderink;Roelof Wunderink;12/12/1948;Dutch
296;migault;;;François;Migault;François Migault;4/12/1944;French
297;palm;;;Torsten;Palm;Torsten Palm;23/07/1947;Swedish
298;lennep;;;Gijs;van Lennep;Gijs van Lennep;16/03/1942;Dutch
299;fushida;;;Hiroshi;Fushida;Hiroshi Fushida;10/03/1946;Japanese
300;nicholson;;;John;Nicholson;John Nicholson;6/10/1941;New Zealander
301;morgan;;;Dave;Morgan;Dave Morgan;7/08/1944;British
302;crawford;;;Jim;Crawford;Jim Crawford;13/02/1948;British
303;vonlanthen;;;Jo;Vonlanthen;Jo Vonlanthen;31/05/1942;Swiss
304;hulme;;;Denny;Hulme;Denny Hulme;18/06/1936;New Zealander
305;hailwood;;;Mike;Hailwood;Mike Hailwood;2/04/1940;British
306;beltoise;;;Jean-Pierre;Beltoise;Jean-Pierre Beltoise;26/04/1937;French
307;ganley;;;Howden;Ganley;Howden Ganley;24/12/1941;New Zealander
308;robarts;;;Richard;Robarts;Richard Robarts;22/09/1944;British
309;revson;;;Peter;Revson;Peter Revson;27/02/1939;American
310;driver;;;Paddy;Driver;Paddy Driver;13/05/1934;South African
311;belso;;;Tom;Belsø;Tom Belsø;27/08/1942;Danish
312;redman;;;Brian;Redman;Brian Redman;9/03/1937;British
313;opel;;;Rikky;von Opel;Rikky von Opel;14/10/1947;Liechtensteiner
314;schenken;;;Tim;Schenken;Tim Schenken;26/09/1943;Australian
315;larrousse;;;Gérard;Larrousse;Gérard Larrousse;23/05/1940;French
316;kinnunen;;;Leo;Kinnunen;Leo Kinnunen;5/08/1943;Finnish
317;wisell;;;Reine;Wisell;Reine Wisell;30/09/1941;Swedish
318;roos;;;Bertil;Roos;Bertil Roos;12/10/1943;Swedish
319;dolhem;;;José;Dolhem;José Dolhem;26/04/1944;French
320;gethin;;;Peter;Gethin;Peter Gethin;21/02/1940;British
321;bell;;;Derek;Bell;Derek Bell;31/10/1941;British
322;hobbs;;;David;Hobbs;David Hobbs;9/06/1939;British
323;quester;;;Dieter;Quester;Dieter Quester;30/05/1939;Austrian
324;koinigg;;;Helmuth;Koinigg;Helmuth Koinigg;3/11/1948;Austrian
325;facetti;;;Carlo;Facetti;Carlo Facetti;26/06/1935;Italian
326;wietzes;;;Eppie;Wietzes;Eppie Wietzes;28/05/1938;Canadian
327;cevert;;;François;Cevert;François Cevert;25/02/1944;French
328;stewart;;;Jackie;Stewart;Jackie Stewart;11/06/1939;British
329;beuttler;;;Mike;Beuttler;Mike Beuttler;13/04/1940;British
330;galli;;;Nanni;Galli;Nanni Galli;2/10/1940;Italian
331;bueno;;;Luiz;Bueno;Luiz Bueno;16/01/1937;Brazilian
332;follmer;;;George;Follmer;George Follmer;27/01/1934;American
333;adamich;;;Andrea;de Adamich;Andrea de Adamich;3/10/1941;Italian
334;pretorius;;;Jackie;Pretorius;Jackie Pretorius;22/11/1934;South African
335;williamson;;;Roger;Williamson;Roger Williamson;2/02/1948;British
336;mcrae;;;Graham;McRae;Graham McRae;5/03/1940;New Zealander
337;marko;;;Helmut;Marko;Helmut Marko;27/04/1943;Austrian
338;walker;;;David;Walker;David Walker;10/06/1941;Australian
339;roig;;;Alex;Soler-Roig;Alex Soler-Roig;29/10/1932;Spanish
340;love;;;John;Love;John Love;7/12/1924;Rhodesian
341;surtees;;;John;Surtees;John Surtees;11/02/1934;British
342;barber;;;Skip;Barber;Skip Barber;16/11/1936;American
343;brack;;;Bill;Brack;Bill Brack;26/12/1935;Canadian
344;posey;;;Sam;Posey;Sam Posey;26/05/1944;American
345;rodriguez;;;Pedro;RodrÃ_guez;Pedro RodrÃ_guez;18/01/1940;Mexican
346;siffert;;;Jo;Siffert;Jo Siffert;7/07/1936;Swiss
347;bonnier;;;Jo;Bonnier;Jo Bonnier;31/01/1930;Swedish
348;mazet;;;François;Mazet;François Mazet;24/02/1943;French
349;jean;;;Max;Jean;Max Jean;27/07/1943;French
350;elford;;;Vic;Elford;Vic Elford;10/06/1935;British
351;moser;;;Silvio;Moser;Silvio Moser;24/04/1941;Swiss
352;eaton;;;George;Eaton;George Eaton;12/11/1945;Canadian
353;lovely;;;Pete;Lovely;Pete Lovely;11/04/1926;American
354;craft;;;Chris;Craft;Chris Craft;17/11/1939;British
355;Cannoc;;;John;Cannon;John Cannon;21/06/1933;Canadian
356;jack_brabham;;;Jack;Brabham;Jack Brabham;2/04/1926;Australian
357;miles;;;John;Miles;John Miles;14/06/1943;British
358;rindt;;;Jochen;Rindt;Jochen Rindt;18/04/1942;Austrian
359;gavin;;;Johnny;Servoz-Gavin;Johnny Servoz-Gavin;18/01/1942;French
360;mclaren;;;Bruce;McLaren;Bruce McLaren;30/08/1937;New Zealander
361;courage;;;Piers;Courage;Piers Courage;27/05/1942;British
362;klerk;;;Peter;de Klerk;Peter de Klerk;16/03/1935;South African
363;giunti;;;Ignazio;Giunti;Ignazio Giunti;30/08/1941;Italian
364;gurney;;;Dan;Gurney;Dan Gurney;13/04/1931;American
365;hahne;;;Hubert;Hahne;Hubert Hahne;28/03/1935;German
366;hutchison;;;Gus;Hutchison;Gus Hutchison;26/04/1937;American
367;westbury;;;Peter;Westbury;Peter Westbury;26/05/1938;British
368;tingle;;;Sam;Tingle;Sam Tingle;24/08/1921;Rhodesian
369;rooyen;;;Basil;van Rooyen;Basil van Rooyen;19/04/1939;South African
370;attwood;;;Richard;Attwood;Richard Attwood;4/04/1940;British
371;pease;;;Al;Pease;Al Pease;15/10/1921;Canadian
372;cordts;;;John;Cordts;John Cordts;23/07/1935;Canadian
373;clark;;;Jim;Clark;Jim Clark;4/03/1936;British
374;spence;;;Mike;Spence;Mike Spence;30/12/1936;British
375;scarfiotti;;;Ludovico;Scarfiotti;Ludovico Scarfiotti;18/10/1933;Italian
376;bianchi;;BIA;Lucien;Bianchi;Lucien Bianchi;10/11/1934;Belgian
377;jo_schlesser;;;Jo;Schlesser;Jo Schlesser;18/05/1928;French
378;widdows;;;Robin;Widdows;Robin Widdows;27/05/1942;British
379;ahrens;;;Kurt;Ahrens;Kurt Ahrens;19/04/1940;German
380;gardner;;;Frank;Gardner;Frank Gardner;1/10/1930;Australian
381;unser;;;Bobby;Unser;Bobby Unser;20/02/1934;American
382;solana;;;Moisés;Solana;Moisés Solana;26/12/1935;Mexican
383;anderson;;;Bob;Anderson;Bob Anderson;19/05/1931;British
384;botha;;;Luki;Botha;Luki Botha;16/01/1930;South African
385;bandini;;;Lorenzo;Bandini;Lorenzo Bandini;21/12/1935;Italian
386;ginther;;;Richie;Ginther;Richie Ginther;5/08/1930;American
387;parkes;;;Mike;Parkes;Mike Parkes;24/09/1931;British
388;irwin;;;Chris;Irwin;Chris Irwin;27/06/1942;British
389;ligier;;;Guy;Ligier;Guy Ligier;12/07/1930;French
390;rees;;;Alan;Rees;Alan Rees;12/01/1938;British
391;hart;;;Brian;Hart;Brian Hart;7/09/1936;British
392;fisher;;;Mike;Fisher;Mike Fisher;13/03/1943;American
393;tom_jones;;;Tom;Jones;Tom Jones;26/04/1943;American
394;baghetti;;;Giancarlo;Baghetti;Giancarlo Baghetti;25/12/1934;Italian
395;williams;;;Jonathan;Williams;Jonathan Williams;26/10/1942;British
396;bondurant;;;Bob;Bondurant;Bob Bondurant;27/04/1933;American
397;arundell;;;Peter;Arundell;Peter Arundell;8/11/1933;British
398;vic_wilson;;;Vic;Wilson;Vic Wilson;14/04/1931;British
399;taylor;;;John;Taylor;John Taylor;23/03/1933;British
400;lawrence;;;Chris;Lawrence;Chris Lawrence;27/07/1933;British
401;trevor_taylor;;;Trevor;Taylor;Trevor Taylor;26/12/1936;British
402;geki;;;Giacomo;Russo;Giacomo Russo;23/10/1937;Italian
403;phil_hill;;;Phil;Hill;Phil Hill;20/04/1927;American
404;ireland;;;Innes;Ireland;Innes Ireland;12/06/1930;British
405;bucknum;;;Ronnie;Bucknum;Ronnie Bucknum;5/04/1936;American
406;hawkins;;;Paul;Hawkins;Paul Hawkins;12/10/1937;Australian
407;prophet;;;David;Prophet;David Prophet;9/10/1937;British
408;maggs;;;Tony;Maggs;Tony Maggs;9/02/1937;South African
409;blokdyk;;;Trevor;Blokdyk;Trevor Blokdyk;30/11/1935;South African
410;lederle;;;Neville;Lederle;Neville Lederle;25/09/1938;South African
411;serrurier;;;Doug;Serrurier;Doug Serrurier;9/12/1920;South African
412;niemann;;;Brausch;Niemann;Brausch Niemann;7/01/1939;South African
413;pieterse;;;Ernie;Pieterse;Ernie Pieterse;4/07/1938;South African
414;puzey;;;Clive;Puzey;Clive Puzey;11/07/1941;Rhodesian
415;reed;;;Ray;Reed;Ray Reed;;South African
416;clapham;;;David;Clapham;David Clapham;18/05/1931;South African
417;blignaut;;;Alex;Blignaut;Alex Blignaut;30/11/1932;South African
418;gregory;;;Masten;Gregory;Masten Gregory;29/02/1932;American
419;rhodes;;;John;Rhodes;John Rhodes;18/08/1927;British
420;raby;;;Ian;Raby;Ian Raby;22/09/1921;British
421;rollinson;;;Alan;Rollinson;Alan Rollinson;15/05/1943;British
422;gubby;;;Brian;Gubby;Brian Gubby;17/04/1934;British
423;mitter;;;Gerhard;Mitter;Gerhard Mitter;30/08/1935;German
424;bussinello;;;Roberto;Bussinello;Roberto Bussinello;4/10/1927;Italian
425;vaccarella;;;Nino;Vaccarella;Nino Vaccarella;4/03/1933;Italian
426;bassi;;;Giorgio;Bassi;Giorgio Bassi;20/01/1934;Italian
427;trintignant;;;Maurice;Trintignant;Maurice Trintignant;30/10/1917;French
428;collomb;;;Bernard;Collomb;Bernard Collomb;7/10/1930;French
429;andre_pilette;;;André;Pilette;André Pilette;6/10/1918;Belgian
430;beaufort;;;Carel Godin;de Beaufort;Carel Godin de Beaufort;10/04/1934;Dutch
431;barth;;;Edgar;Barth;Edgar Barth;26/01/1917;German
432;cabral;;;Mário de Araújo;Cabral;Mário de Araújo Cabral;15/01/1934;Portuguese
433;hansgen;;;Walt;Hansgen;Walt Hansgen;28/10/1919;American
434;sharp;;;Hap;Sharp;Hap Sharp;1/01/1928;American
435;mairesse;;;Willy;Mairesse;Willy Mairesse;1/10/1928;Belgian
436;campbell-jones;;;John;Campbell-Jones;John Campbell-Jones;21/01/1930;British
437;burgess;;;Ian;Burgess;Ian Burgess;6/07/1930;British
438;settember;;;Tony;Settember;Tony Settember;10/07/1926;American
439;estefano;;;Nasif;Estéfano;Nasif Estéfano;18/11/1932;Argentine
440;hall;;;Jim;Hall;Jim Hall;23/07/1935;American
441;parnell;;;Tim;Parnell;Tim Parnell;25/06/1932;British
442;kuhnke;;;Kurt;Kuhnke;Kurt Kuhnke;30/04/1910;German
443;ernesto_brambilla;;;Ernesto;Brambilla;Ernesto Brambilla;31/01/1934;Italian
444;lippi;;;Roberto;Lippi;Roberto Lippi;17/10/1926;Italian
445;seiffert;;;GÃ_nther;Seiffert;GÃ_nther Seiffert;18/10/1937;German
446;abate;;;Carlo;Abate;Carlo Abate;10/07/1932;Italian
447;starrabba;;;Gaetano;Starrabba;Gaetano Starrabba;3/12/1932;Italian
448;broeker;;;Peter;Broeker;Peter Broeker;15/05/1926;Canadian
449;ward;;;Rodger;Ward;Rodger Ward;10/01/1921;American
450;vos;;;Ernie;de Vos;Ernie de Vos;1/07/1941;Dutch
451;dochnal;;;Frank;Dochnal;Frank Dochnal;8/10/1920;American
452;monarch;;;Thomas;Monarch;Thomas Monarch;3/09/1945;American
842;gasly;10;GAS;Pierre;Gasly;Pierre Gasly;7/02/1996;French
453;lewis;;;Jackie;Lewis;Jackie Lewis;1/11/1936;British
454;ricardo_rodriguez;;;Ricardo;RodrÃ_guez;Ricardo RodrÃ_guez;14/02/1942;Mexican
455;seidel;;;Wolfgang;Seidel;Wolfgang Seidel;4/07/1926;German
456;salvadori;;;Roy;Salvadori;Roy Salvadori;12/05/1922;British
457;pon;;;Ben;Pon;Ben Pon;9/12/1936;Dutch
458;slotemaker;;;Rob;Slotemaker;Rob Slotemaker;13/06/1929;Dutch
459;marsh;;;Tony;Marsh;Tony Marsh;20/07/1931;British
460;ashmore;;;Gerry;Ashmore;Gerry Ashmore;25/07/1936;British
461;schiller;;;Heinz;Schiller;Heinz Schiller;25/01/1930;Swiss
462;davis;;;Colin;Davis;Colin Davis;29/07/1933;British
463;chamberlain;;;Jay;Chamberlain;Jay Chamberlain;29/12/1925;American
464;shelly;;;Tony;Shelly;Tony Shelly;2/02/1937;New Zealander
465;greene;;;Keith;Greene;Keith Greene;5/01/1938;British
466;walter;;;Heini;Walter;Heini Walter;28/07/1927;Swiss
467;prinoth;;;Ernesto;Prinoth;Ernesto Prinoth;15/04/1923;Italian
468;penske;;;Roger;Penske;Roger Penske;20/02/1937;American
469;schroeder;;;Rob;Schroeder;Rob Schroeder;11/05/1926;British
470;mayer;;;Timmy;Mayer;Timmy Mayer;22/02/1938;American
471;johnstone;;;Bruce;Johnstone;Bruce Johnstone;30/01/1937;South African
472;harris;;;Mike;Harris;Mike Harris;25/05/1939;South African
473;hocking;;;Gary;Hocking;Gary Hocking;30/09/1937;Rhodesian
474;vyver;;;Syd;van der Vyver;Syd van der Vyver;1/06/1920;South African
475;moss;;;Stirling;Moss;Stirling Moss;17/09/1929;British
476;trips;;;Wolfgang;von Trips;Wolfgang von Trips;4/05/1928;German
477;allison;;;Cliff;Allison;Cliff Allison;8/02/1932;British
478;herrmann;;;Hans;Herrmann;Hans Herrmann;23/02/1928;German
479;brooks;;;Tony;Brooks;Tony Brooks;25/02/1932;British
480;may;;;Michael;May;Michael May;18/08/1934;Swiss
481;henry_taylor;;;Henry;Taylor;Henry Taylor;16/12/1932;British
482;gendebien;;;Olivier;Gendebien;Olivier Gendebien;12/01/1924;Belgian
483;scarlatti;;;Giorgio;Scarlatti;Giorgio Scarlatti;2/10/1921;Italian
484;naylor;;;Brian;Naylor;Brian Naylor;24/03/1923;British
485;bordeu;;;Juan Manuel;Bordeu;Juan Manuel Bordeu;28/01/1934;Argentine
486;fairman;;;Jack;Fairman;Jack Fairman;15/03/1913;British
487;natili;;;Massimo;Natili;Massimo Natili;28/07/1935;Italian
488;monteverdi;;;Peter;Monteverdi;Peter Monteverdi;7/06/1934;Swiss
489;pirocchi;;;Renato;Pirocchi;Renato Pirocchi;26/03/1933;Italian
490;duke;;;Geoff;Duke;Geoff Duke;29/03/1923;British
491;thiele;;;Alfonso;Thiele;Alfonso Thiele;5/04/1920;American-Italian
492;boffa;;;Menato;Boffa;Menato Boffa;4/01/1930;Italian
493;ryan;;;Peter;Ryan;Peter Ryan;10/06/1940;Canadian
494;ruby;;;Lloyd;Ruby;Lloyd Ruby;12/01/1928;American
495;ken_miles;;;Ken;Miles;Ken Miles;1/11/1918;British
496;menditeguy;;;Carlos;Menditeguy;Carlos Menditeguy;10/08/1914;Argentine
497;larreta;;;Alberto Rodriguez;Larreta;Alberto Rodriguez Larreta;14/01/1934;Argentine
498;gonzalez;;;José Froilán;González;José Froilán González;5/10/1922;Argentine
499;bonomi;;;Roberto;Bonomi;Roberto Bonomi;30/09/1919;Argentine
500;munaron;;;Gino;Munaron;Gino Munaron;2/04/1928;Italian
501;schell;;;Harry;Schell;Harry Schell;29/06/1921;American
502;stacey;;;Alan;Stacey;Alan Stacey;29/08/1933;British
503;chimeri;;;Ettore;Chimeri;Ettore Chimeri;4/06/1921;Venezuelan
504;creus;;;Antonio;Creus;Antonio Creus;28/10/1924;Spanish
505;bristow;;;Chris;Bristow;Chris Bristow;2/12/1937;British
506;halford;;;Bruce;Halford;Bruce Halford;18/05/1931;British
507;daigh;;;Chuck;Daigh;Chuck Daigh;29/11/1923;American
508;reventlow;;;Lance;Reventlow;Lance Reventlow;24/02/1936;American
509;rathmann;;;Jim;Rathmann;Jim Rathmann;16/07/1928;American
510;goldsmith;;;Paul;Goldsmith;Paul Goldsmith;2/10/1925;American
511;branson;;;Don;Branson;Don Branson;2/06/1920;American
512;thomson;;;Johnny;Thomson;Johnny Thomson;9/04/1922;American
513;johnson;;;Eddie;Johnson;Eddie Johnson;10/02/1919;American
514;veith;;;Bob;Veith;Bob Veith;1/11/1926;American
515;tingelstad;;;Bud;Tingelstad;Bud Tingelstad;4/04/1928;American
516;christie;;;Bob;Christie;Bob Christie;4/04/1924;American
517;amick;;;Red;Amick;Red Amick;19/01/1929;American
518;darter;;;Duane;Carter;Duane Carter;5/05/1913;American
519;homeier;;;Bill;Homeier;Bill Homeier;31/08/1918;American
520;hartley;;;Gene;Hartley;Gene Hartley;28/01/1926;American
521;stevenson;;;Chuck;Stevenson;Chuck Stevenson;15/10/1919;American
522;grim;;;Bobby;Grim;Bobby Grim;4/09/1924;American
523;templeman;;;Shorty;Templeman;Shorty Templeman;12/08/1919;American
524;hurtubise;;;Jim;Hurtubise;Jim Hurtubise;5/12/1932;American
525;bryan;;;Jimmy;Bryan;Jimmy Bryan;28/01/1926;American
526;ruttman;;;Troy;Ruttman;Troy Ruttman;11/03/1930;American
527;sachs;;;Eddie;Sachs;Eddie Sachs;28/05/1927;American
528;freeland;;;Don;Freeland;Don Freeland;25/03/1925;American
529;bettenhausen;;;Tony;Bettenhausen;Tony Bettenhausen;12/09/1916;American
530;weiler;;;Wayne;Weiler;Wayne Weiler;9/12/1934;American
531;foyt;;;Anthony;Foyt;Anthony Foyt;16/01/1935;American
532;russo;;;Eddie;Russo;Eddie Russo;19/11/1925;American
533;boyd;;;Johnny;Boyd;Johnny Boyd;19/08/1926;American
534;force;;;Gene;Force;Gene Force;15/06/1916;American
535;mcwithey;;;Jim;McWithey;Jim McWithey;4/07/1927;American
536;sutton;;;Len;Sutton;Len Sutton;9/08/1925;American
537;dick_rathmann;;;Dick;Rathmann;Dick Rathmann;6/01/1924;American
538;herman;;;Al;Herman;Al Herman;15/03/1927;American
539;dempsey_wilson;;;Dempsey;Wilson;Dempsey Wilson;11/03/1927;American
540;mike_taylor;;;Mike;Taylor;Mike Taylor;24/04/1934;British
541;flockhart;;;Ron;Flockhart;Ron Flockhart;16/06/1923;British
542;piper;;;David;Piper;David Piper;2/12/1930;British
543;cabianca;;;Giulio;Cabianca;Giulio Cabianca;19/02/1923;Italian
544;drogo;;;Piero;Drogo;Piero Drogo;8/08/1926;Italian
545;gamble;;;Fred;Gamble;Fred Gamble;17/03/1932;American
546;owen;;;Arthur;Owen;Arthur Owen;23/03/1915;British
547;gould;;;Horace;Gould;Horace Gould;20/09/1918;British
548;drake;;;Bob;Drake;Bob Drake;14/12/1919;American
549;bueb;;;Ivor;Bueb;Ivor Bueb;6/06/1923;British
550;Changy;;;Alain;de Changy;Alain de Changy;5/02/1922;Belgian
551;filippis;;;Maria;de Filippis;Maria de Filippis;11/11/1926;Italian
552;lucienbonnet;;;Jean;Lucienbonnet;Jean Lucienbonnet;7/01/1923;French
553;testut;;;André;Testut;André Testut;13/04/1926;Monegasque
554;behra;;;Jean;Behra;Jean Behra;16/02/1921;French
555;paul_russo;;;Paul;Russo;Paul Russo;10/04/1914;American
556;daywalt;;;Jimmy;Daywalt;Jimmy Daywalt;28/08/1924;American
557;arnold;;;Chuck;Arnold;Chuck Arnold;30/05/1926;American
558;keller;;;Al;Keller;Al Keller;11/04/1920;American
559;flaherty;;;Pat;Flaherty;Pat Flaherty;6/01/1926;American
560;cheesbourg;;;Bill;Cheesbourg;Bill Cheesbourg;12/06/1927;American
561;ray_crawford;;;Ray;Crawford;Ray Crawford;26/10/1915;American
562;turner;;;Jack;Turner;Jack Turner;12/02/1920;American
563;weyant;;;Chuck;Weyant;Chuck Weyant;3/04/1923;American
564;larson;;;Jud;Larson;Jud Larson;21/01/1923;American
565;magill;;;Mike;Magill;Mike Magill;8/02/1920;American
566;shelby;;;Carroll;Shelby;Carroll Shelby;11/01/1923;American
567;orey;;;Fritz;d'Orey;Fritz d'Orey;25/03/1938;Brazilian
568;fontes;;;Azdrubal;Fontes;Azdrubal Fontes;26/12/1922;Uruguayan
569;ashdown;;;Peter;Ashdown;Peter Ashdown;16/10/1934;British
570;bill_moss;;;Bill;Moss;Bill Moss;4/09/1933;British
571;dennis_taylor;;;Dennis;Taylor;Dennis Taylor;12/06/1921;British
572;blanchard;;;Harry;Blanchard;Harry Blanchard;13/06/1929;American
573;tomaso;;;Alessandro;de Tomaso;Alessandro de Tomaso;10/07/1928;Argentine-Italian
574;constantine;;;George;Constantine;George Constantine;22/02/1918;American
575;said;;;Bob;Said;Bob Said;5/05/1932;American
576;cade;;;Phil;Cade;Phil Cade;12/06/1916;American
577;musso;;;Luigi;Musso;Luigi Musso;28/07/1924;Italian
578;hawthorn;;;Mike;Hawthorn;Mike Hawthorn;10/04/1929;British
579;fangio;;;Juan;Fangio;Juan Fangio;24/06/1911;Argentine
580;godia;;;Paco;Godia;Paco Godia;21/03/1921;Spanish
581;collins;;;Peter;Collins;Peter Collins;6/11/1931;British
582;kavanagh;;;Ken;Kavanagh;Ken Kavanagh;12/12/1923;Australian
583;gerini;;;Gerino;Gerini;Gerino Gerini;10/08/1928;Italian
584;kessler;;;Bruce;Kessler;Bruce Kessler;23/03/1936;American
585;emery;;;Paul;Emery;Paul Emery;12/11/1916;British
586;piotti;;;Luigi;Piotti;Luigi Piotti;27/10/1913;Italian
587;ecclestone;;;Bernie;Ecclestone;Bernie Ecclestone;28/10/1930;British
588;taramazzo;;;Luigi;Taramazzo;Luigi Taramazzo;5/05/1932;Italian
589;chiron;;;Louis;Chiron;Louis Chiron;1899-08-03;Monegasque
590;lewis-evans;;;Stuart;Lewis-Evans;Stuart Lewis-Evans;20/04/1930;British
591;george_amick;;;George;Amick;George Amick;24/10/1924;American
592;reece;;;Jimmy;Reece;Jimmy Reece;17/11/1929;American
593;parsons;;;Johnnie;Parsons;Johnnie Parsons;4/07/1918;American
594;tolan;;;Johnnie;Tolan;Johnnie Tolan;22/10/1917;American
595;garrett;;;Billy;Garrett;Billy Garrett;24/04/1933;American
596;elisian;;;Ed;Elisian;Ed Elisian;9/12/1926;American
597;connor;;;Pat;O'Connor;Pat O'Connor;9/10/1928;American
598;jerry_unser;;;Jerry;Unser;Jerry Unser;15/11/1932;American
599;bisch;;;Art;Bisch;Art Bisch;10/11/1926;American
600;goethals;;;Christian;Goethals;Christian Goethals;4/08/1928;Belgian
601;gibson;;;Dick;Gibson;Dick Gibson;16/04/1918;British
602;la_caze;;;Robert;La Caze;Robert La Caze;26/02/1917;French
603;guelfi;;;André;Guelfi;André Guelfi;6/05/1919;French
604;picard;;;François;Picard;François Picard;26/04/1921;French
605;bridger;;;Tom;Bridger;Tom Bridger;24/06/1934;British
606;portago;;;Alfonso;de Portago;Alfonso de Portago;11/10/1928;Spanish
607;perdisa;;;Cesare;Perdisa;Cesare Perdisa;21/10/1932;Italian
608;castellotti;;;Eugenio;Castellotti;Eugenio Castellotti;10/10/1930;Italian
609;simon;;;André;Simon;André Simon;5/01/1920;French
610;leston;;;Les;Leston;Les Leston;16/12/1920;British
611;hanks;;;Sam;Hanks;Sam Hanks;13/07/1914;American
612;linden;;;Andy;Linden;Andy Linden;5/04/1922;American
613;teague;;;Marshall;Teague;Marshall Teague;22/02/1921;American
614;edmunds;;;Don;Edmunds;Don Edmunds;23/09/1930;American
615;agabashian;;;Fred;Agabashian;Fred Agabashian;21/08/1913;American
616;george;;;Elmer;George;Elmer George;15/07/1928;American
617;macdowel;;;Mike;MacDowel;Mike MacDowel;13/09/1932;British
618;mackay-fraser;;;Herbert;MacKay-Fraser;Herbert MacKay-Fraser;23/06/1927;American
619;gerard;;;Bob;Gerard;Bob Gerard;19/01/1914;British
620;maglioli;;;Umberto;Maglioli;Umberto Maglioli;5/06/1928;Italian
621;england;;;Paul;England;Paul England;28/03/1929;Australian
622;landi;;;Chico;Landi;Chico Landi;14/07/1907;Brazilian
623;uria;;;Alberto;Uria;Alberto Uria;11/07/1924;Uruguayan
624;ramos;;;Hernando;da Silva Ramos;Hernando da Silva Ramos;7/12/1925;Brazilian
625;bayol;;;Élie;Bayol;Élie Bayol;28/02/1914;French
626;manzon;;;Robert;Manzon;Robert Manzon;12/04/1917;French
627;rosier;;;Louis;Rosier;Louis Rosier;5/11/1905;French
628;sweikert;;;Bob;Sweikert;Bob Sweikert;20/05/1926;American
629;griffith;;;Cliff;Griffith;Cliff Griffith;6/02/1916;American
630;dinsmore;;;Duke;Dinsmore;Duke Dinsmore;10/04/1913;American
631;andrews;;;Keith;Andrews;Keith Andrews;15/06/1920;American
632;frere;;;Paul;Frère;Paul Frère;30/01/1917;Belgian
633;villoresi;;;Luigi;Villoresi;Luigi Villoresi;16/05/1909;Italian
634;scotti;;;Piero;Scotti;Piero Scotti;11/11/1909;Italian
635;chapman;;;Colin;Chapman;Colin Chapman;19/05/1928;British
636;titterington;;;Desmond;Titterington;Desmond Titterington;1/05/1928;British
637;scott_Brown;;;Archie;Scott Brown;Archie Scott Brown;13/05/1927;British
638;volonterio;;;Ottorino;Volonterio;Ottorino Volonterio;7/12/1917;Swiss
639;milhoux;;;André;Milhoux;André Milhoux;9/12/1928;Belgian
640;graffenried;;;Toulo;de Graffenried;Toulo de Graffenried;18/05/1914;Swiss
641;taruffi;;;Piero;Taruffi;Piero Taruffi;12/10/1906;Italian
642;farina;;;Nino;Farina;Nino Farina;30/10/1906;Italian
643;mieres;;;Roberto;Mieres;Roberto Mieres;3/12/1924;Argentine
644;mantovani;;;Sergio;Mantovani;Sergio Mantovani;22/05/1929;Italian
645;bucci;;;Clemar;Bucci;Clemar Bucci;4/09/1920;Argentine
646;iglesias;;;Jesús;Iglesias;Jesús Iglesias;22/02/1922;Argentine
647;ascari;;;Alberto;Ascari;Alberto Ascari;13/07/1918;Italian
648;kling;;;Karl;Kling;Karl Kling;16/09/1910;German
649;birger;;;Pablo;Birger;Pablo Birger;7/01/1924;Argentine
650;pollet;;;Jacques;Pollet;Jacques Pollet;2/07/1922;French
651;macklin;;;Lance;Macklin;Lance Macklin;2/09/1919;British
652;whiteaway;;;Ted;Whiteaway;Ted Whiteaway;1/11/1928;British
653;davies;;;Jimmy;Davies;Jimmy Davies;8/08/1929;American
654;faulkner;;;Walt;Faulkner;Walt Faulkner;16/02/1920;American
655;niday;;;Cal;Niday;Cal Niday;29/04/1914;American
656;cross;;;Art;Cross;Art Cross;24/01/1918;American
657;vukovich;;;Bill;Vukovich;Bill Vukovich;13/12/1918;American
658;mcgrath;;;Jack;McGrath;Jack McGrath;8/10/1919;American
659;hoyt;;;Jerry;Hoyt;Jerry Hoyt;29/01/1929;American
660;claes;;;Johnny;Claes;Johnny Claes;11/08/1916;Belgian
661;peter_walker;;;Peter;Walker;Peter Walker;7/10/1912;British
662;sparken;;;Mike;Sparken;Mike Sparken;16/06/1930;French
663;wharton;;;Ken;Wharton;Ken Wharton;21/03/1916;British
664;mcalpine;;;Kenneth;McAlpine;Kenneth McAlpine;21/09/1920;British
665;marr;;;Leslie;Marr;Leslie Marr;14/08/1922;British
666;rolt;;;Tony;Rolt;Tony Rolt;16/10/1918;British
667;fitch;;;John;Fitch;John Fitch;4/08/1917;American
668;lucas;;;Jean;Lucas;Jean Lucas;25/04/1917;French
669;bira;;;Prince;Bira;Prince Bira;15/07/1914;Thai
670;marimon;;;Onofre;MarimÃ_n;Onofre MarimÃ_n;19/12/1923;Argentine
671;loyer;;;Roger;Loyer;Roger Loyer;5/08/1907;French
672;daponte;;;Jorge;Daponte;Jorge Daponte;5/06/1923;Argentine
673;nazaruk;;;Mike;Nazaruk;Mike Nazaruk;2/10/1921;American
674;crockett;;;Larry;Crockett;Larry Crockett;23/10/1926;American
675;ayulo;;;Manny;Ayulo;Manny Ayulo;20/10/1921;American
676;armi;;;Frank;Armi;Frank Armi;12/10/1918;American
677;webb;;;Travis;Webb;Travis Webb;8/10/1910;American
678;duncan;;;Len;Duncan;Len Duncan;25/07/1911;American
679;mccoy;;;Ernie;McCoy;Ernie McCoy;19/02/1921;American
680;swaters;;;Jacques;Swaters;Jacques Swaters;30/10/1926;American
681;georges_berger;;;Georges;Berger;Georges Berger;14/09/1918;Belgian
682;beauman;;;Don;Beauman;Don Beauman;26/07/1928;British
683;thorne;;;Leslie;Thorne;Leslie Thorne;23/06/1916;British
684;whitehouse;;;Bill;Whitehouse;Bill Whitehouse;1/04/1909;British
685;riseley_prichard;;;John;Riseley-Prichard;John Riseley-Prichard;17/01/1924;British
686;reg_parnell;;;Reg;Parnell;Reg Parnell;2/07/1911;British
687;whitehead;;;Peter;Whitehead;Peter Whitehead;12/11/1914;British
688;brandon;;;Eric;Brandon;Eric Brandon;18/07/1920;British
689;alan_brown;;;Alan;Brown;Alan Brown;20/11/1919;British
690;nuckey;;;Rodney;Nuckey;Rodney Nuckey;26/06/1929;British
691;lang;;;Hermann;Lang;Hermann Lang;6/04/1909;German
692;helfrich;;;Theo;Helfrich;Theo Helfrich;13/05/1913;German
693;wacker;;;Fred;Wacker;Fred Wacker;10/07/1918;American
694;riu;;;Giovanni;de Riu;Giovanni de Riu;10/03/1925;Italian
695;galvez;;;Oscar;Gálvez;Oscar Gálvez;17/08/1913;Argentine
696;john_barber;;;John;Barber;John Barber;22/07/1929;British
697;bonetto;;;Felice;Bonetto;Felice Bonetto;9/06/1903;Italian
698;cruz;;;Adolfo;Cruz;Adolfo Cruz;28/06/1923;Argentine
699;nalon;;;Duke;Nalon;Duke Nalon;2/03/1913;American
700;scarborough;;;Carl;Scarborough;Carl Scarborough;3/07/1914;American
701;holland;;;Bill;Holland;Bill Holland;18/12/1907;American
702;bob_scott;;;Bob;Scott;Bob Scott;4/10/1928;American
703;legat;;;Arthur;Legat;Arthur Legat;1898-11-01;Belgian
704;cabantous;;;Yves;Cabantous;Yves Cabantous;8/10/1904;French
705;crook;;;Tony;Crook;Tony Crook;16/02/1920;British
706;jimmy_stewart;;;Jimmy;Stewart;Jimmy Stewart;6/03/1931;British
707;ian_stewart;;;Ian;Stewart;Ian Stewart;15/07/1929;British
708;duncan_hamilton;;;Duncan;Hamilton;Duncan Hamilton;30/04/1920;British
709;klodwig;;;Ernst;Klodwig;Ernst Klodwig;23/05/1903;East German
710;krause;;;Rudolf;Krause;Rudolf Krause;30/03/1907;East German
711;karch;;;Oswald;Karch;Oswald Karch;6/03/1917;German
712;heeks;;;Willi;Heeks;Willi Heeks;13/02/1922;German
713;fitzau;;;Theo;Fitzau;Theo Fitzau;10/02/1923;East German
714;adolff;;;Kurt;Adolff;Kurt Adolff;5/11/1921;German
715;bechem;;;GÃ_nther;Bechem;GÃ_nther Bechem;21/12/1921;German
716;bauer;;;Erwin;Bauer;Erwin Bauer;17/07/1912;German
717;hans_stuck;;;Hans;von Stuck;Hans von Stuck;27/12/1900;German
718;loof;;;Ernst;Loof;Ernst Loof;4/07/1907;German
719;scherrer;;;Albert;Scherrer;Albert Scherrer;28/02/1908;Swiss
720;terra;;;Max;de Terra;Max de Terra;6/10/1918;Swiss
721;hirt;;;Peter;Hirt;Peter Hirt;30/03/1910;Swiss
722;carini;;;Piero;Carini;Piero Carini;6/03/1921;Italian
723;fischer;;;Rudi;Fischer;Rudi Fischer;19/04/1912;Swiss
724;ulmen;;;Toni;Ulmen;Toni Ulmen;25/01/1906;German
725;abecassis;;;George;Abecassis;George Abecassis;21/03/1913;British
726;george_connor;;;George;Connor;George Connor;16/08/1906;American
727;rigsby;;;Jim;Rigsby;Jim Rigsby;6/06/1923;American
728;james;;;Joe;James;Joe James;23/05/1925;American
729;schindler;;;Bill;Schindler;Bill Schindler;6/03/1909;American
730;fonder;;;George;Fonder;George Fonder;22/06/1917;American
731;banks;;;Henry;Banks;Henry Banks;14/06/1913;American
732;mcdowell;;;Johnny;McDowell;Johnny McDowell;29/01/1915;American
733;miller;;;Chet;Miller;Chet Miller;19/07/1902;American
734;ball;;;Bobby;Ball;Bobby Ball;26/08/1925;American
735;tornaco;;;Charles;de Tornaco;Charles de Tornaco;7/06/1927;Belgian
736;laurent;;;Roger;Laurent;Roger Laurent;21/02/1913;Belgian
737;obrien;;;Robert;O'Brien;Robert O'Brien;11/04/1908;American
738;gaze;;;Tony;Gaze;Tony Gaze;3/02/1920;Australian
739;charrington;;;Robin;Montgomerie-Charrington;Robin Montgomerie-Charrington;23/06/1915;British
740;comotti;;;Franco;Comotti;Franco Comotti;24/07/1906;Italian
741;etancelin;;;Philippe;Étancelin;Philippe Étancelin;1896-12-28;French
742;poore;;;Dennis;Poore;Dennis Poore;19/08/1916;British
743;thompson;;;Eric;Thompson;Eric Thompson;4/11/1919;British
744;downing;;;Ken;Downing;Ken Downing;5/12/1917;British
745;graham_whitehead;;;Graham;Whitehead;Graham Whitehead;15/04/1922;British
746;bianco;;;Gino;Bianco;Gino Bianco;22/07/1916;Brazilian
747;murray;;;David;Murray;David Murray;28/12/1909;British
748;cantoni;;;Eitel;Cantoni;Eitel Cantoni;4/10/1906;Uruguayan
749;aston;;;Bill;Aston;Bill Aston;29/03/1900;British
750;brudes;;;Adolf;Brudes;Adolf Brudes;1899-10-15;German
751;riess;;;Fritz;Riess;Fritz Riess;11/07/1922;German
752;niedermayr;;;Helmut;Niedermayr;Helmut Niedermayr;29/11/1915;German
753;klenk;;;Hans;Klenk;Hans Klenk;28/10/1919;German
754;balsa;;;Marcel;Balsa;Marcel Balsa;1/01/1909;French
755;schoeller;;;Rudolf;Schoeller;Rudolf Schoeller;27/04/1902;Swiss
756;pietsch;;;Paul;Pietsch;Paul Pietsch;20/06/1911;German
757;peters;;;Josef;Peters;Josef Peters;16/09/1914;German
758;lof;;;Dries;van der Lof;Dries van der Lof;23/08/1919;Dutch
759;flinterman;;;Jan;Flinterman;Jan Flinterman;2/10/1919;Dutch
760;dusio;;;Piero;Dusio;Piero Dusio;1899-10-13;Italian
761;crespo;;;Alberto;Crespo;Alberto Crespo;16/01/1920;Argentine
762;rol;;;Franco;Rol;Franco Rol;5/06/1908;Italian
763;sanesi;;;Consalvo;Sanesi;Consalvo Sanesi;28/03/1911;Italian
764;guy_mairesse;;;Guy;Mairesse;Guy Mairesse;10/08/1910;French
765;louveau;;;Henri;Louveau;Henri Louveau;25/01/1910;French
766;wallard;;;Lee;Wallard;Lee Wallard;7/09/1910;American
767;forberg;;;Carl;Forberg;Carl Forberg;4/03/1911;American
768;rose;;;Mauri;Rose;Mauri Rose;26/05/1906;American
769;mackey;;;Bill;Mackey;Bill Mackey;15/12/1927;American
770;green;;;Cecil;Green;Cecil Green;30/09/1919;American
771;walt_brown;;;Walt;Brown;Walt Brown;30/12/1911;American
772;hellings;;;Mack;Hellings;Mack Hellings;14/09/1915;American
773;levegh;;;Pierre;Levegh;Pierre Levegh;22/12/1905;French
774;chaboud;;;Eugène;Chaboud;Eugène Chaboud;12/04/1907;French
775;gordini;;;Aldo;Gordini;Aldo Gordini;20/05/1921;French
776;kelly;;;Joe;Kelly;Joe Kelly;13/03/1913;Irish
777;parker;;;Philip;Fotheringham-Parker;Philip Fotheringham-Parker;22/09/1907;British
778;shawe_taylor;;;Brian;Shawe Taylor;Brian Shawe Taylor;28/01/1915;British
779;john_james;;;John;James;John James;10/05/1914;British
780;branca;;;Toni;Branca;Toni Branca;15/09/1916;Swiss
781;richardson;;;Ken;Richardson;Ken Richardson;21/08/1911;British
782;jover;;;Juan;Jover;Juan Jover;23/11/1903;Spanish
783;grignard;;;Georges;Grignard;Georges Grignard;25/07/1905;French
784;hampshire;;;David;Hampshire;David Hampshire;29/12/1917;British
785;crossley;;;Geoff;Crossley;Geoff Crossley;11/05/1921;British
786;fagioli;;;Luigi;Fagioli;Luigi Fagioli;1898-06-09;Italian
787;harrison;;;Cuth;Harrison;Cuth Harrison;6/07/1906;British
788;fry;;;Joe;Fry;Joe Fry;26/10/1915;British
789;martin;;;Eugène;Martin;Eugène Martin;24/03/1915;French
790;leslie_johnson;;;Leslie;Johnson;Leslie Johnson;22/03/1912;British
791;biondetti;;;Clemente;Biondetti;Clemente Biondetti;1898-08-18;Italian
792;pian;;;Alfredo;Pián;Alfredo Pián;21/10/1912;Argentine
793;sommer;;;Raymond;Sommer;Raymond Sommer;31/08/1906;French
794;chitwood;;;Joie;Chitwood;Joie Chitwood;14/04/1912;American
795;fohr;;;Myron;Fohr;Myron Fohr;17/06/1912;American
796;ader;;;Walt;Ader;Walt Ader;15/12/1913;American
797;holmes;;;Jackie;Holmes;Jackie Holmes;4/09/1920;American
798;levrett;;;Bayliss;Levrett;Bayliss Levrett;14/02/1914;American
799;jackson;;;Jimmy;Jackson;Jimmy Jackson;25/07/1910;American
800;pagani;;;Nello;Pagani;Nello Pagani;11/10/1911;Italian
801;pozzi;;;Charles;Pozzi;Charles Pozzi;27/08/1909;French
802;serafini;;;Dorino;Serafini;Dorino Serafini;22/07/1909;Italian
803;cantrell;;;Bill;Cantrell;Bill Cantrell;31/01/1908;American
804;mantz;;;Johnny;Mantz;Johnny Mantz;18/09/1918;American
805;kladis;;;Danny;Kladis;Danny Kladis;10/02/1917;American
806;oscar_gonzalez;;;Óscar;González;Óscar González;10/11/1923;Uruguayan
807;hulkenberg;27;HUL;Nico;HÃ_lkenberg;Nico HÃ_lkenberg;19/08/1987;German
808;petrov;;PET;Vitaly;Petrov;Vitaly Petrov;8/09/1984;Russian
810;grassi;;DIG;Lucas;di Grassi;Lucas di Grassi;11/08/1984;Brazilian
811;bruno_senna;;SEN;Bruno;Senna;Bruno Senna;15/10/1983;Brazilian
812;chandhok;;CHA;Karun;Chandhok;Karun Chandhok;19/01/1984;Indian
813;maldonado;13;MAL;Pastor;Maldonado;Pastor Maldonado;9/03/1985;Venezuelan
814;resta;;DIR;Paul;di Resta;Paul di Resta;16/04/1986;British
815;perez;11;PER;Sergio;Pérez;Sergio Pérez;26/01/1990;Mexican
816;ambrosio;;DAM;Jérôme;d'Ambrosio;Jérôme d'Ambrosio;27/12/1985;Belgian
817;ricciardo;3;RIC;Daniel;Ricciardo;Daniel Ricciardo;1/07/1989;Australian
818;vergne;25;VER;Jean-Éric;Vergne;Jean-Éric Vergne;25/04/1990;French
819;pic;;PIC;Charles;Pic;Charles Pic;15/02/1990;French
820;chilton;4;CHI;Max;Chilton;Max Chilton;21/04/1991;British
821;gutierrez;21;GUT;Esteban;Gutiérrez;Esteban Gutiérrez;5/08/1991;Mexican
822;bottas;77;BOT;Valtteri;Bottas;Valtteri Bottas;28/08/1989;Finnish
823;garde;;VDG;Giedo;van der Garde;Giedo van der Garde;25/04/1985;Dutch
824;jules_bianchi;17;BIA;Jules;Bianchi;Jules Bianchi;3/08/1989;French
825;kevin_magnussen;20;MAG;Kevin;Magnussen;Kevin Magnussen;5/10/1992;Danish
826;kvyat;26;KVY;Daniil;Kvyat;Daniil Kvyat;26/04/1994;Russian
827;lotterer;45;LOT;AndrÃ©;Lotterer;AndrÃ Lotterer;19/11/1981;German
828;ericsson;9;ERI;Marcus;Ericsson;Marcus Ericsson;2/09/1990;Swedish
829;stevens;28;STE;Will;Stevens;Will Stevens;28/06/1991;British
830;max_verstappen;33;VER;Max;Verstappen;Max Verstappen;30/09/1997;Dutch
831;nasr;12;NAS;Felipe;Nasr;Felipe Nasr;21/08/1992;Brazilian
832;sainz;55;SAI;Carlos;Sainz;Carlos Sainz;1/09/1994;Spanish
833;merhi;98;MER;Roberto;Merhi;Roberto Merhi;22/03/1991;Spanish
834;rossi;53;RSS;Alexander;Rossi;Alexander Rossi;25/09/1991;American
835;jolyon_palmer;30;PAL;Jolyon;Palmer;Jolyon Palmer;20/01/1991;British
836;wehrlein;94;WEH;Pascal;Wehrlein;Pascal Wehrlein;18/10/1994;German
837;haryanto;88;HAR;Rio;Haryanto;Rio Haryanto;22/01/1993;Indonesian
838;vandoorne;2;VAN;Stoffel;Vandoorne;Stoffel Vandoorne;26/03/1992;Belgian
839;ocon;31;OCO;Esteban;Ocon;Esteban Ocon;17/09/1996;French
840;stroll;18;STR;Lance;Stroll;Lance Stroll;29/10/1998;Canadian
841;giovinazzi;36;GIO;Antonio;Giovinazzi;Antonio Giovinazzi;14/12/1993;Italian
843;brendon_hartley;39;HAR;Brendon;Hartley;Brendon Hartley;10/11/1989;New Zealander
